Subject,Activity,DataType,recordCount,Ave of tBodyAcc-mean()-X,Ave of tBodyAcc-mean()-Y,Ave of tBodyAcc-mean()-Z,Ave of tBodyAcc-std()-X,Ave of tBodyAcc-std()-Y,Ave of tBodyAcc-std()-Z,Ave of tGravityAcc-mean()-X,Ave of tGravityAcc-mean()-Y,Ave of tGravityAcc-mean()-Z,Ave of tGravityAcc-std()-X,Ave of tGravityAcc-std()-Y,Ave of tGravityAcc-std()-Z,Ave of tBodyAccJerk-mean()-X,Ave of tBodyAccJerk-mean()-Y,Ave of tBodyAccJerk-mean()-Z,Ave of tBodyAccJerk-std()-X,Ave of tBodyAccJerk-std()-Y,Ave of tBodyAccJerk-std()-Z,Ave of tBodyGyro-mean()-X,Ave of tBodyGyro-mean()-Y,Ave of tBodyGyro-mean()-Z,Ave of tBodyGyro-std()-X,Ave of tBodyGyro-std()-Y,Ave of tBodyGyro-std()-Z,Ave of tBodyGyroJerk-mean()-X,Ave of tBodyGyroJerk-mean()-Y,Ave of tBodyGyroJerk-mean()-Z,Ave of tBodyGyroJerk-std()-X,Ave of tBodyGyroJerk-std()-Y,Ave of tBodyGyroJerk-std()-Z,Ave of tBodyAccMag-mean(),Ave of tBodyAccMag-std(),Ave of tGravityAccMag-mean(),Ave of tGravityAccMag-std(),Ave of tBodyAccJerkMag-mean(),Ave of tBodyAccJerkMag-std(),Ave of tBodyGyroMag-mean(),Ave of tBodyGyroMag-std(),Ave of tBodyGyroJerkMag-mean(),Ave of tBodyGyroJerkMag-std(),Ave of fBodyAcc-mean()-X,Ave of fBodyAcc-mean()-Y,Ave of fBodyAcc-mean()-Z,Ave of fBodyAcc-std()-X,Ave of fBodyAcc-std()-Y,Ave of fBodyAcc-std()-Z,Ave of fBodyAccJerk-mean()-X,Ave of fBodyAccJerk-mean()-Y,Ave of fBodyAccJerk-mean()-Z,Ave of fBodyAccJerk-std()-X,Ave of fBodyAccJerk-std()-Y,Ave of fBodyAccJerk-std()-Z,Ave of fBodyGyro-mean()-X,Ave of fBodyGyro-mean()-Y,Ave of fBodyGyro-mean()-Z,Ave of fBodyGyro-std()-X,Ave of fBodyGyro-std()-Y,Ave of fBodyGyro-std()-Z,Ave of fBodyAccMag-mean(),Ave of fBodyAccMag-std(),Ave of fBodyBodyAccJerkMag-mean(),Ave of fBodyBodyAccJerkMag-std(),Ave of fBodyBodyGyroMag-mean(),Ave of fBodyBodyGyroMag-std(),Ave of fBodyBodyGyroJerkMag-mean(),Ave of fBodyBodyGyroJerkMag-std()
1,WALKING,Train,347,0.26569692058213257,-0.01829817251760807,-0.1078457345461095,-0.5457953313283256,-0.36771621822737754,-0.5026457465628242,0.744867411573487,-0.08255625798559084,0.07233987038904903,-0.9598594359365994,-0.9511506274582132,-0.9258175908674352,0.07709304951268012,0.01659084388023055,-0.00910758730117003,-0.524721922818732,-0.47041240351123925,-0.7173222748818444,-0.020876406432017294,-0.08807227294005764,0.08626416665979827,-0.6865557152017291,-0.4509798104995677,-0.5974961367951008,-0.09711201972659943,-0.04171648082939481,-0.04713939854775216,-0.6378126872103747,-0.6344722445504323,-0.6645919777864553,-0.4536329437688185,-0.49709640203832856,-0.4536329437688185,-0.49709640203832856,-0.5454316120665706,-0.5159221675551585,-0.4754047858023054,-0.4998395937458213,-0.6395174326426513,-0.6520507709106629,-0.5318951612582133,-0.406435448904438,-0.5964111652536024,-0.5530606166634006,-0.3901509396470606,-0.49858309167608067,-0.5473488924357637,-0.5073436179698588,-0.695305113832853,-0.5439797761278673,-0.46625167653337185,-0.7378619326801152,-0.6232191823115274,-0.5053094340700287,-0.5535290654256484,-0.7082634208616715,-0.4298258326487032,-0.6504761621325649,-0.47844852335417865,-0.5897102312178674,-0.4990757656240922,-0.5418230795700288,-0.5350027703377521,-0.5665766703976945,-0.6459706552988473,-0.6858112626340058
2,WALKING,Test,302,0.27311311578807945,-0.019132318317483445,-0.11564995817549668,-0.6055864971592715,-0.428962986589404,-0.589360062210596,0.6607828666887418,-0.1472198869104106,0.13486533509072848,-0.9630155082450331,-0.960033560165563,-0.9453653839072848,0.0785353156747351,0.007087712497649007,7.557607483774844e-4,-0.557809603123841,-0.4918758898317882,-0.7418853883112582,-0.05170306578211921,-0.05684201868178808,0.08725994222913908,-0.7106489278158941,-0.7229436743377483,-0.6348889278430463,-0.08755874916688741,-0.04339868354536424,-0.055754182818874176,-0.6716791033112584,-0.7835954667284768,-0.6746119332930464,-0.5352818005417219,-0.5528125456437086,-0.5352818005417219,-0.5528125456437086,-0.5877774454354304,-0.5121152784152317,-0.6147710548931458,-0.6805848878807946,-0.746559539039735,-0.7400887336556291,-0.5737709114294702,-0.43256658130235104,-0.6300812221248344,-0.6197881028033112,-0.46472386291324513,-0.6006786148350993,-0.5616820496221855,-0.5089037990145695,-0.7157453304039735,-0.5951056128950332,-0.5091475436738411,-0.7670870154966888,-0.6387176945930463,-0.7220689786357617,-0.6015948896543046,-0.7345885401821192,-0.7271677410264901,-0.683114494539735,-0.5145698613168875,-0.6466623084572847,-0.509746432970861,-0.5188007977092715,-0.6997429452218543,-0.7253103376887418,-0.7516150783609272,-0.7441949814403973
3,WALKING,Train,341,0.2734287196363636,-0.01785606738495601,-0.10649263242909678,-0.6234136020469209,-0.4800159206976539,-0.653625579293255,0.7078143533431085,-0.02605904803287391,0.048093790419061574,-0.9664575656304986,-0.9445645371260997,-0.9269662782111437,0.07017312619888563,0.014466432906041053,-5.268188728753656e-4,-0.6354846880410557,-0.5572118677378299,-0.796066240234604,-0.02484906828284458,-0.07435653084428152,0.08668754971190616,-0.6992621957058651,-0.7630221817008798,-0.7094834403225806,-0.09915546096334311,-0.040192394369501463,-0.0521178264170088,-0.6893284286070381,-0.842659862111437,-0.7430285005659825,-0.5631408027700586,-0.5912247803064516,-0.5631408027700586,-0.5912247803064516,-0.6501824343284457,-0.6076582141703812,-0.6431501216480938,-0.6740102909794722,-0.7840566562463342,-0.8036613637243402,-0.625733289873607,-0.5017799385052786,-0.6996568285923753,-0.6238050151994134,-0.5027536397958945,-0.657443765803519,-0.6458934966304986,-0.5829499191577419,-0.7801016441935484,-0.657844055881525,-0.5598511860884077,-0.8108060165982405,-0.6420977197785924,-0.7751449850733138,-0.6707347089964809,-0.719276622702346,-0.7585052872140763,-0.7510088756598241,-0.5790764537580645,-0.663079838985044,-0.6047521080727273,-0.6156436948573607,-0.7168221442791789,-0.7038394030070382,-0.8100854986510264,-0.810032718739003
4,WALKING,Test,194,0.2770344647525773,-0.013349681774690722,-0.10591613592783505,-0.6838644660943298,-0.5896093305396907,-0.741959040257732,0.7314565098969072,0.072347989306416,0.19399343376804123,-0.967576704329897,-0.9417065232113402,-0.9367242332731959,0.07801622379536081,-0.0010311298138298973,-0.007370700696030929,-0.7010667374381444,-0.6709767013762886,-0.8595025247938144,-0.02987267529793814,-0.07500865566752578,0.0956607416628866,-0.7509159608350515,-0.828888294742268,-0.7459042258247423,-0.10509869233865979,-0.041062442691237114,-0.060866534304432986,-0.7784795857216494,-0.9114363167525773,-0.7905782543298968,-0.6375329798149485,-0.670122122716495,-0.6375329798149485,-0.670122122716495,-0.7223405574226804,-0.7102460868556701,-0.7082210878865979,-0.7491054733659794,-0.8495813558247423,-0.8705795179381444,-0.6989943442268041,-0.6109666056747423,-0.7849641190206186,-0.6793164954574742,-0.6058790790226805,-0.7399201719072165,-0.7179737249716495,-0.6846484039175258,-0.8453838954123711,-0.710952957814433,-0.679116699128866,-0.8723486158762886,-0.7080970032783506,-0.8518592412371134,-0.7239136833505154,-0.7659318373659794,-0.818105282886598,-0.7788636492783505,-0.6682736659587629,-0.7249797504639175,-0.702045896773196,-0.7232610971649485,-0.7851729367010309,-0.7693307603608247,-0.8676019442783505,-0.8841878068041237
4,WALKING_UPSTAIRS,Test,123,0.26968585514634147,-0.017108509944260164,-0.11005335932520326,-0.4811578153308943,-0.38425532200723567,-0.6582857194308943,0.6673774939024391,0.176064219895122,0.11703063477235773,-0.9548458682113821,-0.9409598386178861,-0.9487836163414635,0.08020058760162602,0.010681219462138205,-0.007378563152439029,-0.5226868320309755,-0.44698012864634146,-0.8178819875609756,-0.027473566188373984,-0.08458137298617886,0.09580698674715447,-0.6232957363089431,-0.7498894566666666,-0.6955707370731707,-0.11221346965365854,-0.03843447345284553,-0.05298636814439024,-0.6375280668292683,-0.8884120033333334,-0.6817954183495935,-0.441789745892683,-0.5062973650406505,-0.441789745892683,-0.5062973650406505,-0.5516650627530895,-0.5478902327560976,-0.5743852495902438,-0.639915777398374,-0.771259192195122,-0.8025599419512195,-0.5181034097154472,-0.39156126804146346,-0.7083462753658537,-0.46858837104552836,-0.4223346494797561,-0.6596234838211382,-0.548003358486179,-0.47086107781918707,-0.793248930406504,-0.5400024526447155,-0.45937758863658534,-0.8419270600813008,-0.537445270313821,-0.7994596303252033,-0.6347291174471545,-0.6520627311707318,-0.7273362064227642,-0.7485190786178861,-0.497723469494309,-0.5908825424796748,-0.5293017946430894,-0.5769916833577236,-0.6833149552113821,-0.6746316351219512,-0.7934581322764227,-0.8298314746341463
5,WALKING,Train,302,0.2791779603013245,-0.015483345533619205,-0.10566173681688741,-0.5076910113917218,-0.4027249060781458,-0.6464436401754967,0.6981537190728477,0.11231310973675498,0.09216071974499039,-0.96462910880794706,-0.9399737779503311,-0.9420786788410596,0.08410198996225166,0.0017656830384106,-0.0029537113427350985,-0.5758905356798013,-0.5065443586096027,-0.7845619948675497,-0.029451687364304636,-0.07743164455960265,0.08662671167450331,-0.7099556769834436,-0.7056383066887417,-0.6065898173807946,-0.10352287714735099,-0.04906245193741722,-0.050625816012251655,-0.6625813103344371,-0.7741142703642384,-0.5646807712490067,-0.46086641556870866,-0.5216234517119205,-0.46086641556870866,-0.5216234517119205,-0.5893138700066225,-0.5890312681331126,-0.6027702848258278,-0.6640783835327815,-0.7073835175827815,-0.734187493344371,-0.5512377051324503,-0.44023243179503313,-0.6961718114900662,-0.4928298857486755,-0.42216217110033116,-0.6493512107483443,-0.6047698694387417,-0.5509919698574173,-0.7687623579801325,-0.5840136269834437,-0.49150043430390716,-0.7988355638079471,-0.6322393008298013,-0.7170621878145695,-0.5373291272932781,-0.7357385771854305,-0.702290390960265,-0.6693536874834437,-0.5285030227450331,-0.5942595297569536,-0.5731761770441722,-0.6134851236092714,-0.6773557557033112,-0.7157311481456954,-0.7488293095364239,-0.7356106024834437
6,WALKING,Train,236,0.2694341519025424,-0.01639111239368644,-0.11790069208474577,-0.6476691703334746,-0.5531423960788561,-0.7898450775423729,0.670506153601695,0.06123213664618644,0.058470277855847456,-0.9565189894067797,-0.9526131668220339,-0.9406466095338983,0.08664350911495763,0.0018306078819491523,-8.109309896186432e-4,-0.6671987215025423,-0.6273570974105933,-0.871721440720339,-0.03428402341470339,-0.07725701162639831,0.10430875463894068,-0.7670686730529662,-0.7614380685169492,-0.7234902061538135,-0.0919680285336017,-0.04376567557372882,-0.05715134115076271,-0.739023005,-0.8200440630932203,-0.7063850715716101,-0.6191479504753813,-0.6267871098351694,-0.6191479504753813,-0.6267871098351694,-0.701327652220339,-0.6594523545762713,-0.6904881456144067,-0.7226364435161017,-0.7800469662288135,-0.7982027469067797,-0.6466203026525423,-0.5783550996190678,-0.8147383651694915,-0.6497721616297033,-0.5686091621210593,-0.793153623220339,-0.6777798177050848,-0.6605945467500001,-0.8596036724152543,-0.6866777979927966,-0.6163297045016949,-0.8825119095338982,-0.7100608165084746,-0.7616250618220339,-0.6681138814792372,-0.7861803111326271,-0.7641081180932203,-0.7704674563135593,-0.6314954539823728,-0.6828160797161018,-0.6528606640360168,-0.6699808604961864,-0.7386095039966102,-0.7609072363008474,-0.8024720226271187,-0.8070057136016949
6,WALKING_UPSTAIRS,Train,89,0.2801790984269663,-0.020694959111797754,-0.1109400293258427,-0.12700060055865167,0.121465311011236,-0.3613816088840449,0.736951892247191,-0.1031908082022471,0.01848330483685394,-0.965208976741573,-0.9464846147191012,-0.9306541886516854,0.0674351008988764,-0.0031040122808988786,-0.006098688406741578,-0.17155396135505624,0.004090882033820183,-0.3869009266179775,-0.06743093818876406,-0.05299484185247191,0.07876256692808989,-0.35344952441573035,-0.26778134204494386,-0.27221502276179765,-0.05891285577640449,-0.05007003648426967,-0.04331032592831461,-0.034200118438202226,-0.3000145480112359,-0.05099238942516851,-0.05540826923820225,-0.1046088667865169,-0.05540826923820225,-0.1046088667865169,-0.15388888882022475,-0.08790044461797748,-0.17562499491056174,-0.20118078877415724,-0.20267603924719102,-0.23683550005235957,-0.13375797298876407,0.10200387882022469,-0.3363222241573034,-0.1272456149191011,0.05923010404494383,-0.43240940753932583,-0.2089562025,-0.0871500384348314,-0.3529815682696629,-0.20709597167200003,0.03546782015730332,-0.41962147395505617,-0.07883276378314613,-0.2487957414494382,-0.08198304955617976,-0.44541280420224716,-0.28620515505617977,-0.41462115317977527,-0.0562800368966292,-0.2741713419662921,-0.07597343893258428,-0.11028850707235949,-0.15624071551685392,-0.38281698015955057,-0.25258256356179776,-0.270829337453146
7,WALKING_UPSTAIRS,Train,308,0.2702116978149351,-0.018790488766818183,-0.1124923753883117,-0.577518324748052,-0.5464033653457793,-0.4564736422569805,0.6812891208441558,-0.04202214524967534,0.034216071192860374,-0.9565381785876623,-0.9553125540909091,-0.9233047240909091,0.08318295731688312,0.00760909767418831,-0.00791725696048701,-0.6151313774082793,-0.622997416262013,-0.6643368605444155,-0.05187169294077923,-0.0646077113078896,0.09776717214061688,-0.6871554740974026,-0.6524086579090909,-0.6633407603311687,-0.09420373761826624,-0.041440140608279226,-0.06103079281487013,-0.7017312004844155,-0.6749201149574675,-0.7508087055941558,-0.5113120367474027,-0.5106698791585389,-0.5113120367474027,-0.5106698791585389,-0.6228157676802923,-0.5505602305857142,-0.5818998979675325,-0.5986707958392857,-0.7131913483376623,-0.6580178449483767,-0.5930112885649351,-0.563547785174026,-0.5310059414955519,-0.572347541484091,-0.567046977262987,-0.4607921232773052,-0.6375219402438312,-0.6416873338502272,-0.6425157165742857,-0.6267857445844156,-0.6285316307194805,-0.6848564389538961,-0.6437675784935065,-0.6304192750061688,-0.6550833549058441,-0.7038836468961038,-0.6711619228376624,-0.6989495189058442,-0.5183238788246753,-0.5838197960922077,-0.5533600096581819,-0.5506832549084416,-0.6288772727911364,-0.6509236482077922,-0.668879188156396,-0.668963362464935
8,WALKING_UPSTAIRS,Train,281,0.2707590632953737,-0.018189497468861213,-0.10680962368398576,-0.5829588630174376,-0.3493837320462635,-0.4994726879131673,0.6474981754092526,0.030321111311886067,0.08365424068079355,-0.9542566660355872,-0.9484464504733096,-0.9231806636014235,0.08421574537551602,8.603015817864772e-4,-0.01967199129943061,-0.5759930739117437,-0.45872492516797153,-0.6683567847551601,0.003590538971601422,-0.09107750983266903,0.06408676115619218,-0.6562192422818506,-0.5709412370192171,-0.5113920380128115,-0.10496985520035587,-0.04009222403316726,-0.058288714836654806,-0.6749844522402135,-0.6830869302889679,-0.6959703017544483,-0.4685225928434165,-0.5540389792661922,-0.4685225928434165,-0.5540389792661922,-0.5342486166120285,-0.5644719999615658,-0.47621494382619217,-0.5814228853412812,-0.673625525658363,-0.7158383855160142,-0.5818314146483986,-0.3749442362064057,-0.5509793887199288,-0.5853434605355872,-0.37865645896797145,-0.5132063129590748,-0.5916350091060498,-0.49590621556939507,-0.6442858024067616,-0.5985462452366548,-0.4563683958569395,-0.691480916950178,-0.6013824212483985,-0.5759384827113879,-0.5255629190474377,-0.6752753530782919,-0.5730872921725979,-0.5539685878697509,-0.5121067928569395,-0.6516380762861211,-0.5292449111306049,-0.6180274149110321,-0.6099842891800712,-0.6366738911441281,-0.7021562154672598,-0.7557172999644128
9,WALKING_UPSTAIRS,Test,288,0.2703138416215278,-0.020946655541239582,-0.10123382621388889,-0.5556565445381944,-0.5758878952125001,-0.5061117760818055,0.6708455455555555,-0.046744699950902774,0.10435365303274308,-0.9587846661805556,-0.9499381152083334,-0.9205543178159722,0.08401714302916666,0.006784858483993056,-0.0010299808819444441,-0.5783051613600694,-0.6789238722743055,-0.7216100945694445,-0.07013181545614584,-0.07298843129916667,0.10909291323798612,-0.6764523925694444,-0.6704982207013889,-0.5875576922914584,-0.08922549306402777,-0.03973444218159722,-0.053402884281875,-0.7617108665625,-0.7732738788541667,-0.7446560382986112,-0.5051834705091875,-0.5530382553147917,-0.5051834705091875,-0.5530382553147917,-0.6216082450923611,-0.6088621453847222,-0.5502018665725693,-0.6631983850347222,-0.7629795809375001,-0.7861768920486111,-0.5792584044086806,-0.6102678040902778,-0.5921191228042709,-0.5479957449079861,-0.586766083232639,-0.5010740069659028,-0.6213771413128472,-0.6997666145694444,-0.7029319279965278,-0.5728198937339931,-0.6790658550034723,-0.7391399227083333,-0.6398632195590278,-0.6839242876006945,-0.6126804631638888,-0.6906898955347223,-0.6672032207604166,-0.6194686341277779,-0.5531864482951389,-0.6244568271829861,-0.609193721940625,-0.6116193431909722,-0.7008630979861111,-0.6977294326215278,-0.7864739542013889,-0.8012962926388889
10,WALKING_UPSTAIRS,Test,60,0.2792260805,-0.013741069933333332,-0.1082356298,-0.9769146671666666,-0.9291410916333334,-0.972264913,0.5826375121666666,0.2814715215,0.1506301434,-0.9719009915,-0.9615175248333333,-0.9737183023333333,0.07751305508333334,0.0033083178638333324,5.101052748333342e-4,-0.977836345,-0.9625103298333333,-0.98521482950000006,-0.03424484349666666,-0.078152882769,0.0966117812,-0.9704295458333333,-0.9768509748333334,-0.957569497,-0.0984885261,-0.038682078683333336,-0.05604348839666667,-0.9784833521666667,-0.983924353,-0.9823181391666667,-0.9617663145,-0.942239747,-0.9617663145,-0.942239747,-0.978933889,-0.9702882948333333,-0.9483946826666667,-0.9464602671666666,-0.9843145413333333,-0.9792574083333333,-0.9753106968333334,-0.940255585,-0.9760610501666667,-0.9782498448333333,-0.9283000787833333,-0.9715283706666666,-0.9781203061666667,-0.9634427765,-0.9826301395,-0.9796124291666667,-0.9643878260000001,-0.9864711005,-0.9661191675,-0.976870853,-0.9572695305,-0.971946495,-0.9770340218333333,-0.9614996038333333,-0.9513486186666666,-0.9469763211666666,-0.9704360128333334,-0.9693393413333333,-0.9589649573333333,-0.94776606,-0.9804382703333333,-0.9789975373333333
10,WALKING_DOWNSTAIRS,Test,234,0.2762388312136752,-0.018885718916282053,-0.1120876610025641,-0.42521618398290595,-0.3867045507760684,-0.5231133725408119,0.6583591195726496,-0.16517777136752138,0.0307366662204145,-0.9642458533333333,-0.9527308796581196,-0.9297290244059829,0.08040004238888888,0.015377404689871792,-0.01439821014504274,-0.41439523203846157,-0.43196130878713673,-0.6906047559700854,-0.01446583782358974,-0.08630382507193589,0.08959437810790598,-0.5978737967465813,-0.49248243221025645,-0.5059815162162393,-0.11062834367264958,-0.043380952132264956,-0.0554261378425641,-0.6326691785897436,-0.7134411190598291,-0.6110264357051283,-0.384739666615641,-0.44358190387041024,-0.384739666615641,-0.44358190387041024,-0.47489732674687607,-0.41627693789871795,-0.4124416279128205,-0.5418309597329914,-0.6704020268803419,-0.7148639881196581,-0.4186942767393163,-0.3803940099363248,-0.5727548945051282,-0.4290984573358974,-0.4305544276915385,-0.5372418750102564,-0.4367616894846154,-0.4504024451182479,-0.654781895967094,-0.44411913247098295,-0.45162657150470087,-0.726013573974359,-0.5317279374269659,-0.5641146319444444,-0.4675046440863248,-0.6210408688162393,-0.46053589728632477,-0.5650369811547008,-0.40780723370427346,-0.5527396468166667,-0.39839845136324786,-0.4462806976357692,-0.5852226029529914,-0.5937706517264958,-0.7132523578205128,-0.7379511084188034
11,WALKING_UPSTAIRS,Train,316,0.27658531139556963,-0.019127253193322785,-0.10894176164240506,-0.5894764977955695,-0.4903793469968354,-0.6653243142278481,0.7305261849367088,0.052738702861392414,0.14020986124683546,-0.9753944576898734,-0.9571387707278481,-0.9568120004113924,0.08301345406582278,0.007804425434303797,-0.006574249752594938,-0.6593230830550633,-0.6087842267199367,-0.8425118160443038,-0.05473284402724683,-0.05822757708132911,0.08728410968235602,-0.7399221266287974,-0.7035017664873418,-0.7250160087974683,-0.08054733098734178,-0.049391406547468354,-0.04801401672674051,-0.7817381406012659,-0.8683772540822785,-0.7954908824683544,-0.5428250328136076,-0.6128822709126582,-0.5428250328136076,-0.6128822709126582,-0.6798195045474684,-0.6642417603702532,-0.6283678510664557,-0.6967713789579114,-0.8268290284810126,-0.8669050126265823,-0.6195240283246836,-0.5314552656625317,-0.7500261457911391,-0.5794917547493671,-0.5025702402433545,-0.6520956711085444,-0.6766729871664557,-0.6323746886060126,-0.8255595902215189,-0.672195644346519,-0.6094449982477848,-0.8582596306012659,-0.7099493321170887,-0.7768528689556962,-0.7088429792721519,-0.7517582771677215,-0.6708927130667721,-0.7559606283544305,-0.6115280743591772,-0.6744701590094937,-0.6561334732746835,-0.6769250758575949,-0.7575859395886075,-0.7112672196822785,-0.864827011392405,-0.8792540167405063
12,WALKING_DOWNSTAIRS,Test,186,0.27214579467741934,-0.01822990756084129,-0.1057355064516129,-0.6382084402903226,-0.6089832650268817,-0.682615496811828,0.7491177636666667,-0.029585374751075245,0.09245175953462362,-0.9633085215591398,-0.9597720338709678,-0.9395476318817204,0.0799354253827957,0.001478094116989247,-0.010660966093978493,-0.6507902647849463,-0.6646996911324732,-0.777908761827957,-0.0575264551461828,-0.07142186985806452,0.10094622748494624,-0.7643168402521505,-0.7744444335483871,-0.6507501493655914,-0.07341674711021505,-0.04219570570967742,-0.06174319838333333,-0.7720696921505376,-0.8291855861827957,-0.7754585773655913,-0.6130184468220431,-0.6214563411822581,-0.6130184468220431,-0.6214563411822581,-0.6849740845752688,-0.6368983442978494,-0.6645994878817205,-0.7158966472043011,-0.8077533816129032,-0.8178157954301075,-0.6371317222080645,-0.6173701700903225,-0.7054151788172043,-0.6393484595860215,-0.6310031414091398,-0.6966650966129032,-0.659962097978441,-0.6774250084027419,-0.7582388794086021,-0.6729967057795699,-0.6741414680725807,-0.7963086122580645,-0.7156950032795699,-0.7711757102688171,-0.6663676784838709,-0.7810573750537634,-0.7794449612365592,-0.6792728736559139,-0.6178976703548387,-0.6829551698139784,-0.638505427183871,-0.6369550521344086,-0.7520483409677419,-0.742461579639785,-0.8192209734946236,-0.8291297541935484
12,SITTING,Test,134,0.275639357761194,-0.01848613884597015,-0.10791726244776119,-0.5086651967671642,-0.4013576134641791,-0.7224436390298508,0.629964778955224,0.11265259655895525,-0.04945201370373135,-0.9730396568656716,-0.9616845701492537,-0.956887170522388,0.057236645520895524,0.010632586489402988,0.015533848144537319,-0.48751385358955224,-0.44179849937022386,-0.8130447007462687,-0.07027843629850747,-0.042241842489552234,0.08931157004940299,-0.6773075619977612,-0.6803988041044776,-0.6992457413955223,-0.07269242620597015,-0.04573747951791045,-0.051511092270373135,-0.6231895902910446,-0.7863127817164179,-0.7131141783059701,-0.4854198769194029,-0.5090507371470149,-0.4854198769194029,-0.5090507371470149,-0.5538132661447761,-0.4684621396395522,-0.5859572694149254,-0.6417746402286567,-0.7350157018656717,-0.7427608399253732,-0.4981191578410448,-0.39269413102462686,-0.7561020700000001,-0.514152324191791,-0.44491000165970146,-0.7284696064925373,-0.5146420258059702,-0.47174480438955224,-0.7992841406716418,-0.5057450223888059,-0.44733928452723876,-0.8256205839552239,-0.5856695055067165,-0.7081845162686567,-0.6448804811119404,-0.7078310663955224,-0.6696223230597015,-0.7484317526865671,-0.4779239559940299,-0.6055297650761194,-0.4611532294395521,-0.48091883964701493,-0.6690951129746268,-0.6874800540746269,-0.7492075466268656,-0.7532651655223881
13,SITTING,Test,327,0.27589587619877676,-0.0176504796070948,-0.10913528555076453,-0.6248444601990826,-0.44881609785336396,-0.587230562129052,0.7099965169082568,-0.04208581011620795,0.04430105367862384,-0.9672680634556575,-0.953540716850153,-0.9387278802752294,0.07943930345503059,0.003879619533281344,-0.012348592364162074,-0.6388895325990825,-0.5697005474880122,-0.7284529663119266,-0.05624706189800612,-0.06166137874948013,0.09886605968642201,-0.7151098596727828,-0.6457286120886849,-0.6433372850336392,-0.08811823794342508,-0.0440836605146789,-0.05827187487125382,-0.7157729801896024,-0.7189885918318043,-0.7127164284984709,-0.5398716372495413,-0.5972309820626912,-0.5398716372495413,-0.5972309820626912,-0.6254669388091744,-0.6102485402699389,-0.5812154031847095,-0.6363649395443425,-0.7127450360122325,-0.7120561867477064,-0.638817912651682,-0.49346719313712545,-0.6297362587318043,-0.6206020364525994,-0.46258445862782877,-0.5990368952714067,-0.6600821740715597,-0.6033404899376147,-0.7108317303614679,-0.649606227431844,-0.5621298669376451,-0.7448235395718654,-0.6586424214058104,-0.6471528178993884,-0.620471226529052,-0.7346579890519878,-0.6506235588474006,-0.685774481529052,-0.5899281085990826,-0.6653448585932722,-0.6072952964238533,-0.6170754731064526,-0.6522253065443425,-0.6919151613363914,-0.7120543665042813,-0.7331835677599388
14,WALKING_UPSTAIRS,Train,79,0.27463868151898735,-0.015074005440506329,-0.10526436667772152,-0.9754943215189873,-0.9441896434177215,-0.943891439113924,0.5990989754050634,0.0546109842746835,0.13013586745569614,-0.9636665103797468,-0.9655383365822785,-0.9528933750632912,0.07730170823810127,0.003664751835848101,-0.006957640934696204,-0.9853069330379747,-0.9789041043037975,-0.9807132902531646,-0.023047440764556962,-0.0773800849721519,0.09884075986075949,-0.9737620517721519,-0.9620390411392405,-0.9671016181012658,-0.10054274712658227,-0.041473880531645566,-0.05497867993151899,-0.9813098720253165,-0.9823213026582278,-0.9868411670886076,-0.9546517267088608,-0.9447065869620254,-0.9546517267088608,-0.9447065869620254,-0.9826600793670887,-0.9817146650632912,-0.945647504556962,-0.9474697155696202,-0.9854887627848101,-0.9802527902531646,-0.9775900465822784,-0.9570216982278481,-0.9597205905063291,-0.9748374397468355,-0.9410205291139241,-0.9396154626582278,-0.9853497487341772,-0.9788974262025316,-0.9772061955696203,-0.9866538897468354,-0.9805826251898734,-0.982966496835443,-0.9698649896202531,-0.9660229479746836,-0.9685025507594937,-0.9751384918987341,-0.9602616227848101,-0.9696227029113924,-0.9582673830379747,-0.9461191010126583,-0.9810489382278481,-0.9814869198734177,-0.9590728248101266,-0.9490809401265823,-0.9810545873417722,-0.980403827721519
14,WALKING_DOWNSTAIRS,Train,244,0.2687424945532787,-0.016637130065942623,-0.09960070598770492,-0.4938759007532787,-0.1903567841444262,-0.08297898831913934,0.6957107236885246,-0.16554842759836066,-0.2554991219959016,-0.933986522704918,-0.9348784468278688,-0.9039594986885245,0.07316365268348361,0.004686802470901633,-0.001097052142827872,-0.5307999526576229,-0.45939767998319675,-0.5520000179548361,0.007797883889877049,-0.10135625650819671,0.04831308200409836,-0.6493050140860656,-0.21665077837479507,-0.1693665096237705,-0.10982685253289753,-0.04391778378561066,-0.04186104597172131,-0.7231506136065574,-0.6058333350491804,-0.5254514169131148,-0.2909276227754099,-0.32167668754549184,-0.2909276227754099,-0.32167668754549184,-0.4879847069266393,-0.4832218878028279,-0.2451244058077459,-0.31737746429508196,-0.6082567676766394,-0.645034678692623,-0.5035785783938524,-0.2927747382430328,-0.27259114965983605,-0.4910905782686476,-0.19416174089221314,-0.059835289800778804,-0.5472283929668033,-0.47560267201639345,-0.5026423726905738,-0.5561722869094262,-0.47963652239713117,-0.6010037729881148,-0.6115221855,-0.35524877492151635,-0.24759787596803282,-0.6639382087008197,-0.1509117390187295,-0.22572907318114752,-0.33954605254918035,-0.4194581092577869,-0.4725190231067623,-0.5019222336729509,-0.40832831025532784,-0.37701293406278674,-0.632288075747377,-0.6893811722213115
15,WALKING_DOWNSTAIRS,Train,328,0.27821340725,-0.016464484771310975,-0.1125635875945122,-0.5565411730893292,-0.48167953795600604,-0.7057066238689024,0.6888725115121951,0.10266049187499994,0.03728977017570122,-0.9687333986280487,-0.9563694939939025,-0.9472400580487805,0.07768974113048781,0.004893920527064024,-0.00440993190077744,-0.6240557821585367,-0.5943126780450915,-0.8258208815762195,-0.02812787806106707,-0.07587884551987804,0.0906658516,-0.6968594730457317,-0.7087790691914634,-0.7218269875304878,-0.09609101085396342,-0.044127069018201216,-0.05556454568810976,-0.7313827110365855,-0.8539565920731708,-0.7956261983841464,-0.5272853520004879,-0.5571478741760366,-0.5272853520004879,-0.5571478741760366,-0.6547996947575304,-0.6256603765466464,-0.6177217797960366,-0.6753369600478658,-0.8052826695121952,-0.8371200780792682,-0.5837723174451219,-0.507735205778384,-0.7417457246981707,-0.5471508554439024,-0.5015684352333841,-0.7114313403567073,-0.6434695193615854,-0.6094080573777438,-0.8055434655884146,-0.6376551550928353,-0.6058548826226525,-0.8451110607621951,-0.6643544288564025,-0.7607114110060975,-0.7111945399207317,-0.7093361681768293,-0.6845047357445122,-0.7516965271951219,-0.5629483912236282,-0.6236556181981707,-0.6148176051259147,-0.6431011670695123,-0.7323944938414634,-0.6953468396829268,-0.8368018940243903,-0.8496344638414635
16,WALKING_DOWNSTAIRS,Train,366,0.27788744037431695,-0.01585678883090164,-0.1072639244453552,-0.6681614982986338,-0.6499470678928962,-0.6038199023860654,0.7009061303087432,-0.06052359937978142,0.04020755362349726,-0.9711564321311476,-0.9647275199453552,-0.9452940286393443,0.07754888853743169,0.008840183282702183,-0.0014373000556420754,-0.7278617435245902,-0.7350801980437158,-0.7678730493800547,-0.012234144672513656,-0.07244448039808743,0.07301446515300546,-0.7995344504918033,-0.810124133715847,-0.7376299679617486,-0.10736161480125683,-0.04166156689396175,-0.053947041087349726,-0.8582987191530055,-0.8695731205737705,-0.8370399260655738,-0.6161311168890438,-0.6617196904918032,-0.6161311168890438,-0.6617196904918032,-0.7252468704863388,-0.7196470282385246,-0.7181687756284153,-0.7848228657923497,-0.8604463724590165,-0.8748001656830601,-0.7008851473418033,-0.6715721470987978,-0.6609899481604372,-0.6569690450584154,-0.6618445305068307,-0.6056467253071038,-0.7446620416120219,-0.7486270015519126,-0.752302172079235,-0.7347767366130601,-0.7384343981054645,-0.7820895153442623,-0.789780147036612,-0.8159621300273224,-0.7562866417213114,-0.8049918315027322,-0.8094214481420765,-0.7569936407240436,-0.6669625082467214,-0.7126809907653006,-0.7131676137061476,-0.7298693987696722,-0.8171288192076502,-0.802078223409836,-0.8727722827322404,-0.8865332122131148
17,WALKING_DOWNSTAIRS,Train,48,0.27795005020833335,-0.013893261375416669,-0.10978607760416667,-0.9923706545833333,-0.9652057283333333,-0.9763523079166667,0.9010978597916667,-0.17504772675000002,-0.28488058041666664,-0.9866749102083333,-0.9705558916666667,-0.9731605454166666,0.07403942377083333,0.006070927731041668,-0.004788138328749999,-0.993627979375,-0.9871957722916667,-0.9910616989583333,-0.026848276775,-0.07819643980625,0.09375361485416667,-0.9857193333333333,-0.985762623125,-0.9856664891666667,-0.099654922875,-0.04012076854208333,-0.05378651457083333,-0.9923574677083333,-0.9930256510416666,-0.9935432910416667,-0.97810887125,-0.97465493875,-0.97810887125,-0.97465493875,-0.9924074608333333,-0.9914814316666667,-0.9794599008333333,-0.9804943264583333,-0.9945751645833333,-0.99273415625,-0.9921572177083333,-0.973701284375,-0.9826645120833334,-0.9924339945833334,-0.9627148304166666,-0.974056181875,-0.9936608245833334,-0.9868704575,-0.989427028125,-0.9941786422916666,-0.988578176875,-0.9912584904166667,-0.9851342027083333,-0.9874055927083334,-0.9864297497916666,-0.9860270052083333,-0.984919989375,-0.986650575625,-0.9813965333333333,-0.974433710625,-0.991203280625,-0.990655515625,-0.985919111875,-0.98029209625,-0.9931303391666667,-0.99249013458333335
17,SITTING,Train,320,0.27344147274375,-0.01808885597728125,-0.10911191945896875,-0.5508679322638437,-0.507275258134,-0.613217322774375,0.6686133441250001,0.010462256168749972,0.022372207732812486,-0.9695361643125,-0.9570481696875,-0.94542101409375,0.08251105141625,0.008852282083750001,0.0038265328758749994,-0.635949363671875,-0.6209185283575,-0.78668123990625,-0.012841668844450004,-0.08338809915680624,0.07451578180365626,-0.7250048879375001,-0.7317327032500001,-0.6810022211071874,-0.1090840581571875,-0.03902962112709375,-0.05040912156490625,-0.7577925587187501,-0.80093311453125,-0.7804575046875,-0.5069060000204376,-0.5852874085465625,-0.5069060000204376,-0.5852874085465625,-0.6520738576953125,-0.6493161392134374,-0.6306939066517188,-0.71559290114375,-0.78281769309375,-0.80013424171875,-0.6007239046197812,-0.5459473900430313,-0.6793898618187499,-0.533671600249375,-0.519062339910625,-0.6090079445296875,-0.6751347423640625,-0.65093749483125,-0.7744940495625,-0.6288998856821876,-0.614345425693125,-0.79753323615625,-0.6902468424515625,-0.7428462089375,-0.68792205428125,-0.737661758785625,-0.72779753184375,-0.708869113253125,-0.5959080480509374,-0.644502428118125,-0.6535314007484375,-0.647886818483125,-0.7370354674062499,-0.7525235544375001,-0.8045235876875,-0.8098826564375
18,SITTING,Test,30,0.27795824,-0.01729741093,-0.110021546,-0.9917052063333334,-0.939095257,-0.9507530176666666,0.9625811616666666,-0.18001883566666665,0.0783976787,-0.9956797983333333,-0.97557713,-0.9737592973333333,0.0756560724,0.01212352927,4.263435273333338e-4,-0.9898081253333333,-0.968781037,-0.9890641516666666,-0.025923628293333334,-0.07444582796666667,0.0854533145,-0.9504615056666667,-0.9776609803333334,-0.9623303116666667,-0.0981970214,-0.03979304953333333,-0.053319608,-0.9761981656666666,-0.9918060910000001,-0.9827657026666666,-0.9636858343333333,-0.964222192,-0.9636858343333333,-0.964222192,-0.9843366139999999,-0.9837336396666667,-0.95188781200000006,-0.9479424813333334,-0.986611885,-0.9863544973333334,-0.990052909,-0.9498110153333333,-0.9727380816666666,-0.9924698083333333,-0.937087901,-0.9435083023333334,-0.9896497280000001,-0.969070922,-0.9867784066666667,-0.9909529016666667,-0.9707642763333333,-0.990011026,-0.9536685056666667,-0.9827656143333333,-0.9664664556666667,-0.9503920716666666,-0.9750298336666666,-0.9644316523333334,-0.9713732900000001,-0.9651016646666667,-0.9825388873333334,-0.9842855953333334,-0.9646280236666667,-0.9468382383333334,-0.987332531,-0.9856817883333333
18,STANDING,Test,334,0.27617737778443113,-0.01728187415619072,-0.10794075751197604,-0.6679323052095808,-0.599095553763473,-0.6792166703293413,0.6947927770958083,-0.001030184326347288,0.09103141681137726,-0.9787427665868264,-0.9689999555988024,-0.9581474902994012,0.07764483013562874,0.012953444526212578,8.864674233029914e-4,-0.7117255570658683,-0.7117884691317365,-0.8345206653293414,-0.03843013602050898,-0.06722487719266466,0.09132414646407186,-0.7914264437215569,-0.7593707615568862,-0.7261468099101798,-0.09406217403209581,-0.044562252745808384,-0.057165201412215566,-0.8309200029341317,-0.8743718246407186,-0.825666964760479,-0.6309474597005988,-0.6650116836437127,-0.6309474597005988,-0.6650116836437127,-0.73320719751497,-0.7237887863353293,-0.6934345779041916,-0.7603152782874252,-0.8485186301197605,-0.8797818797904191,-0.6894530510479041,-0.6379574496407187,-0.7422313876347305,-0.6604895379041916,-0.6055104239610778,-0.6725416762784431,-0.7284964559281437,-0.7239076830838324,-0.819222532994012,-0.7202033720359281,-0.7183984536526946,-0.8485064931137725,-0.7728554637365269,-0.801441592754491,-0.7370160205389221,-0.7997605559730538,-0.7403214573952096,-0.7485927444011976,-0.6731543806377246,-0.7131377985329341,-0.7207476184041917,-0.7291634237125748,-0.8029625491616766,-0.7756704382874251,-0.8754412104790419,-0.8947090254221557
19,SITTING,Train,360,0.26972348710555555,-0.018203151571030557,-0.11827718009938333,-0.5746589229191946,-0.5070350849926388,-0.6491847265569444,0.475323016,0.0964052626666667,0.2330114011950833,-0.9582904478611112,-0.95925383425,-0.94180028475,0.07741711477663889,0.011581242196087556,-0.0018619885019583336,-0.5710882661460833,-0.5713111904322222,-0.7053429761908333,-0.03857239533465111,-0.06814206031777778,0.08836095915591667,-0.6377899145755556,-0.6438663005603054,-0.6456822121891668,-0.08959394250555555,-0.03832087366702778,-0.056964944428694445,-0.6188362066344445,-0.7259913806238889,-0.6866845838315833,-0.531507362111361,-0.5995527674863055,-0.531507362111361,-0.5995527674863055,-0.5762252472125,-0.6019185528719445,-0.5489196681322223,-0.6100933807402779,-0.6834365418244444,-0.7255986988425,-0.5870503550975278,-0.5218880766097778,-0.6470262982840278,-0.5708979748225,-0.5309015850223611,-0.6802913826372223,-0.593157169174611,-0.5966949439369444,-0.6809244931805556,-0.5869101289808333,-0.572596722878,-0.7285219014988611,-0.5530895759427777,-0.6413372998177779,-0.602625307818389,-0.666071315599889,-0.6501054023477778,-0.6947290754916667,-0.5564044449679723,-0.6898609201138889,-0.5760646478122777,-0.6410890058577777,-0.6362879997991666,-0.6623259681458332,-0.7195190087527777,-0.7542237394416668
20,STANDING,Test,198,0.26859520563636363,-0.019286707438939395,-0.11165109032626262,-0.650788909160606,-0.4562597539853535,-0.6308930018636364,0.6572438991919192,-0.06861816555555553,0.10679036740404044,-0.9583249467171717,-0.9535760806060606,-0.9388735968989899,0.08358689113737373,0.006111877652474749,-0.00607491491689899,-0.6593095921166665,-0.6067931001515151,-0.7540194523030304,-0.0256483096989899,-0.07893075640611111,0.082163496089899,-0.7099481037979798,-0.6428396666272728,-0.5796205274787878,-0.09531897677222223,-0.04240814590606061,-0.05566132285757576,-0.7339411152575758,-0.7163532991262627,-0.7153586418181818,-0.5683341167510102,-0.6143263774545455,-0.5683341167510102,-0.6143263774545455,-0.6631445659666667,-0.6263023059601011,-0.5812616425717171,-0.626155662129697,-0.7308647823787878,-0.7074768285212122,-0.6457345376313132,-0.5063203911565657,-0.6595320339161617,-0.6540362483066666,-0.46629867046767687,-0.644857545959596,-0.6741207313077223,-0.6293268604015152,-0.7344657753080808,-0.6745759972070707,-0.609033040979596,-0.7721510091464646,-0.6635252287843433,-0.6420436492089394,-0.5872179335712122,-0.7262263420606061,-0.6467624210166667,-0.6163403934065657,-0.6034432526904041,-0.6830387647267677,-0.6211380913719191,-0.6358413813323232,-0.6539586065117172,-0.6732307204949495,-0.7188713855526262,-0.7137688681691919
20,LAYING,Test,156,0.2682106896794872,-0.015439435299102564,-0.10343206241794872,-0.5465354229615386,-0.25901130009615375,-0.6397301686474359,0.5909749584679487,0.002436482916666739,0.10778971865185898,-0.9580456405128205,-0.9511496212179488,-0.943657000576923,0.0750346921474359,-0.0027440009745512816,-0.0025149548518397435,-0.5862159411769231,-0.426120353397436,-0.7389134567307694,-0.02247268344096154,-0.07896271943102565,0.09002539766576924,-0.6523963918141026,-0.4858944846057051,-0.4608431864076922,-0.09455470521083334,-0.04020124298205128,-0.05257245706153846,-0.6531860694903846,-0.6435731375128204,-0.5369000636487179,-0.45242932609984615,-0.519017420878205,-0.45242932609984615,-0.519017420878205,-0.5645559988641026,-0.540847617073269,-0.43512225817564093,-0.5214713979192308,-0.6246278279038461,-0.6530763687128206,-0.5706379217121795,-0.32495968037910267,-0.67195587225,-0.5385612234916667,-0.27394813737115403,-0.6508893122435897,-0.6245232790692307,-0.46699613387820516,-0.7307666424358974,-0.5841110337397437,-0.4204022559358975,-0.7457328641666666,-0.5793824741891026,-0.5263039942166667,-0.4311551635442308,-0.6768830516474358,-0.4670987635064102,-0.5225344728846154,-0.505493351425641,-0.6042225572205128,-0.5381599364205129,-0.5484979299247436,-0.5473326912980769,-0.5883287994679486,-0.6593419517692308,-0.6704518945339744
21,SITTING,Train,408,0.2774665255220588,-0.01766645785617647,-0.10877848058848039,-0.672323867377451,-0.565585190336299,-0.6696218131764706,0.6457759578088236,-0.07509630714460785,0.032185177436274456,-0.9655866344607843,-0.9693308184558823,-0.9530939933088235,0.08222078747769608,0.0035010755358485268,-0.01065907267129902,-0.6997633442057843,-0.6651591231056201,-0.7818239014829902,-0.02763466393035784,-0.07847197368389706,0.08612126683627451,-0.7961722868995098,-0.765057760637255,-0.7016420284995588,-0.10055831788921568,-0.04082361418633333,-0.05338610464164215,-0.7924831567205882,-0.8158593360049019,-0.8120173121813726,-0.6203092595536764,-0.6601960145000001,-0.6203092595536764,-0.6601960145000001,-0.7034612758796568,-0.6800692189539216,-0.6937792245171569,-0.761303119652451,-0.8078174031372549,-0.8240898999509804,-0.6934860971441176,-0.5937782141490195,-0.7077137990218136,-0.6653496634264706,-0.5787485868318627,-0.6755881927786764,-0.7164141314504903,-0.6786151187289216,-0.767351986555392,-0.7098007283882354,-0.674102360655147,-0.7949228136736275,-0.7520408286519609,-0.7593257148112745,-0.7094714204656862,-0.8110267101102941,-0.7713883188235294,-0.7283193047306372,-0.658664719514706,-0.7143457392159314,-0.6797425848093628,-0.6837251274183823,-0.7764730601715686,-0.7931585262794117,-0.8262750260539216,-0.8349498632598039
22,SITTING,Train,198,0.2792415319080808,-0.016862307376227275,-0.10855895108333333,-0.6315631591373737,-0.593370593093586,-0.7191653412075758,0.675242930959596,0.023580836313131376,0.236637160405404,-0.9708864225252525,-0.9648663002373737,-0.9452375366717172,0.08471629291464647,0.01895734334737374,-0.0035416644126767677,-0.6646505373979797,-0.6490088265823233,-0.8116097386868686,-0.012282055398181812,-0.09098782139949495,0.08461773565454545,-0.7431705514616161,-0.8363074223232323,-0.7206188095151516,-0.10604577213636364,-0.037223826206565655,-0.05436239012222222,-0.7608855913131313,-0.898549452979798,-0.7909427743939393,-0.5977995440117171,-0.6747283111828284,-0.5977995440117171,-0.6747283111828284,-0.6872934471429293,-0.6719198662381818,-0.7042961131212121,-0.7324231635772728,-0.8387586363636363,-0.8626699192424242,-0.6726656037767678,-0.6061669932414141,-0.7508108428383838,-0.6173572170101012,-0.6131029623434343,-0.724294244810606,-0.6800881106454546,-0.6588889586969697,-0.7955245330808081,-0.6789178606348485,-0.6630757146798991,-0.826747967929293,-0.7000487159797979,-0.8440997684848485,-0.7127002622575758,-0.758195876909091,-0.8335102851010101,-0.7492826578787879,-0.6579992410323232,-0.7366390798232324,-0.6674493719343434,-0.6806483143146465,-0.7813888488888888,-0.7481097822323233,-0.8653971855555556,-0.8703454704545455
22,STANDING,Train,123,0.2675658958292683,-0.016771104312121952,-0.10884974498211382,-0.4084989970888617,-0.3267000600894309,-0.5519434905073171,0.5033851261788618,0.04427367591869908,0.23468167949593494,-0.9385725310569105,-0.9451803702934959,-0.929170545691057,0.07006726251471544,0.009300993461056907,-0.013164014076178863,-0.45668747600000004,-0.4179443897016259,-0.6781434338211382,-0.0011233935016260082,-0.10137018874878048,0.07580438786666667,-0.619856056592683,-0.6999342488617886,-0.5479552757642276,-0.11442775986674797,-0.040454172304715444,-0.0644152729899187,-0.6252125113333333,-0.7977475372357723,-0.6639259466747968,-0.3532644954146341,-0.46914619015463405,-0.3532644954146341,-0.46914619015463405,-0.48498354358292683,-0.4576674354304878,-0.5304080521658537,-0.5861604217837398,-0.723727568292683,-0.7682581528455285,-0.469793729799187,-0.3504259930276422,-0.5851177369674797,-0.3866589420016259,-0.3585943569560976,-0.5708999709837398,-0.48217749637479684,-0.43817968117479666,-0.6498408366666667,-0.4793762507134147,-0.4368518765298537,-0.7054066658536585,-0.5422287749918698,-0.7065655631707317,-0.5317478061382114,-0.6454075071300813,-0.699201260894309,-0.596342575910569,-0.43965118856585367,-0.5728955000552846,-0.4534314418178862,-0.468314812693496,-0.6424922040650407,-0.6215113073089431,-0.7735201248780488,-0.779661007398374
23,STANDING,Train,372,0.27349325473010755,-0.019589258786827955,-0.10909398238524194,-0.622594039757258,-0.5320785466156989,-0.4505572034099462,0.6623247375806451,0.014620919735483875,0.05186624663720431,-0.96439304029569894,-0.9603189070967741,-0.9342361466129032,0.07785882158438172,0.020047096497298387,-7.176808818870983e-4,-0.608183751830914,-0.6189812305182796,-0.6030487695715323,-0.02208904180131721,-0.08259729637540322,0.07469494232432795,-0.7557386252419355,-0.500338191139785,-0.6096834518217743,-0.09669907372258064,-0.04327227417983871,-0.06219590935263441,-0.7286921383333334,-0.5460435936518817,-0.7405181458870967,-0.5327547572051076,-0.5655756257921506,-0.5327547572051076,-0.5655756257921506,-0.5864006717091397,-0.5587253141862903,-0.5442079644333871,-0.5419490736607527,-0.6234126419771505,-0.5739428880216129,-0.599080886430645,-0.5484832089435484,-0.4902128161841399,-0.6338391144365592,-0.5544716795921775,-0.4747675437160485,-0.617521836605645,-0.6282313383927419,-0.5788708102354838,-0.6350543514755376,-0.6369776100607527,-0.6275403676526882,-0.6851365015188172,-0.4977838110104839,-0.6176854167365592,-0.7791970540645161,-0.5078505474137097,-0.6441310368072581,-0.5290292841180108,-0.6570489179715054,-0.542663319457527,-0.5838323091459677,-0.5346571916836022,-0.6322885272037634,-0.584111049810215,-0.5937353021053763
24,LAYING,Test,381,0.27676704639107613,-0.017682246010388453,-0.10791450368766405,-0.6754591762984252,-0.5824906551853017,-0.6364974589002625,0.6949812680839895,0.07295097021522308,0.06232277141469813,-0.9753296996587927,-0.9608981666404199,-0.9557245661942257,0.07847350034671915,0.003969003085740158,-0.007009605588057741,-0.7403005448818898,-0.6859797962619423,-0.7363742325748032,-0.021257809684776904,-0.07824402026771654,0.08417403759816272,-0.7761990499396325,-0.763365457296588,-0.7082516763359581,-0.09982942481422573,-0.03907494213832021,-0.055298768340157484,-0.7644900306099738,-0.7927187024409449,-0.7968165166141733,-0.6200326651624671,-0.6508621478102363,-0.6200326651624671,-0.6508621478102363,-0.7136674237690288,-0.6893911893464567,-0.6824472127506561,-0.7429831266062993,-0.7916465507874015,-0.7889978508136484,-0.7076137795800524,-0.6115090425868767,-0.6558589948223097,-0.664356691751496,-0.5946767900590549,-0.6553605214461942,-0.7522453724934384,-0.7036416145065617,-0.7196557473910762,-0.7513781543044619,-0.6882804618608924,-0.7516286878215224,-0.7226073777480315,-0.7537104795800524,-0.7094885768766404,-0.7940635291338582,-0.771969808976378,-0.735749934304462,-0.6501218722738057,-0.7059284258196851,-0.6968455833884514,-0.6824471459933071,-0.7541316174803149,-0.7820762761679789,-0.7950191653805774,-0.7961572645144358
25,STANDING,Train,409,0.27530146777212716,-0.019322176931491443,-0.10962903098044009,-0.7162645375476773,-0.5314210356026895,-0.6470955610586797,0.6723866221271393,0.0471601427530562,0.23922604093039124,-0.9500170913447433,-0.9010887709633252,-0.8806823307066015,0.08176574420638141,0.006386338844425427,-0.010346171499488997,-0.7968233500733497,-0.7225029193643032,-0.8606693826405868,-0.0029815116479217623,-0.08390035415782396,0.09936060799004891,-0.6831319707750612,-0.7522610132762836,-0.74741022,-0.1082638845622983,-0.03898847534352078,-0.05557822236474328,-0.7686824731784841,-0.9026280807579462,-0.8318486672860635,-0.5833777497139364,-0.659015505611247,-0.5833777497139364,-0.659015505611247,-0.7834453544743276,-0.7804518678484108,-0.6257330642589243,-0.6851527946706603,-0.8496307062591687,-0.8727761844498778,-0.7484165096821516,-0.6000276972420537,-0.7385099475794621,-0.7052236865799512,-0.5290646522909536,-0.6302246376745722,-0.8041446428361858,-0.7405703122493887,-0.8495048494865525,-0.8077125257212714,-0.7217076685721271,-0.870541516210269,-0.672197763601467,-0.8131337920782395,-0.7468322135941321,-0.6903984819437653,-0.7235844375305623,-0.7712089290953545,-0.69501971,-0.6953679287188264,-0.7791900758924205,-0.7835472297555013,-0.7542361097555013,-0.6972131203667482,-0.8759706747432763,-0.8777149536919315
26,STANDING,Train,392,0.2730365808625,-0.01616872774634949,-0.10763789492857143,-0.6231010311683675,-0.5859671424181122,-0.7049806274489796,0.6151235346683674,0.1087047827755102,0.23410701047244897,-0.9678178999489796,-0.9597135622270409,-0.9556433635459184,0.08087432613418367,0.007677099781811224,-0.007248919437688777,-0.6828156529931123,-0.678386582086227,-0.7783494608418368,-0.02065993210510204,-0.08274150609040816,0.09178532940446428,-0.7666739703392857,-0.8006754710459183,-0.703347205619898,-0.09881256274612245,-0.04047640028885204,-0.055828274335403064,-0.7323213706908163,-0.8361121753316326,-0.7731015248214286,-0.6009322641757654,-0.6203557886658164,-0.6009322641757654,-0.6203557886658164,-0.6949178592091836,-0.677426336392347,-0.6945976629362245,-0.7518336902150511,-0.7983259167091836,-0.8182791129081632,-0.6510903018619898,-0.6104258332403061,-0.7240460871556123,-0.6134995976760205,-0.6002748098262755,-0.7184904757653062,-0.6994131682956632,-0.6967264739127551,-0.7695652912500001,-0.6943145189275509,-0.6803580612000001,-0.7860491249489796,-0.7031095610688776,-0.7993530753571428,-0.6894048468137756,-0.7874031005994897,-0.803635337372449,-0.7359423844387755,-0.6317569828625,-0.6739177995466837,-0.6792783236377552,-0.6780257583127551,-0.7705048848214285,-0.7826243208316326,-0.8238652971938776,-0.8239914084183674
27,STANDING,Train,78,0.2752230674358974,-0.01625541172179487,-0.10540381001538461,-0.9902766438461539,-0.9721961779487179,-0.9699698776923077,0.7880373317948718,0.06572185050000001,0.2197016052119731,-0.9858537348717948,-0.9824921015384616,-0.9692543406410257,0.07672832543589743,0.009971548662820512,-0.002665519383076923,-0.9918315343589743,-0.985056905,-0.990225417948718,-0.032447117343589744,-0.0765120463525641,0.08099941711538461,-0.9875841967948717,-0.9839399288461539,-0.9778471817948717,-0.0966434086025641,-0.03956414301282051,-0.05307100054102564,-0.9926945512820513,-0.9933960125641026,-0.992933121025641,-0.9802786938461538,-0.9736899108974358,-0.9802786938461538,-0.9736899108974358,-0.9903328915384615,-0.990626418974359,-0.9666838880769231,-0.9733041046153846,-0.994198412051282,-0.9937321532051282,-0.990202906025641,-0.9751557548717948,-0.9788484184615385,-0.9903987882051282,-0.9716906375641026,-0.9671655684615384,-0.991782158076923,-0.9851473301282051,-0.9885217916666666,-0.9926498619230769,-0.9860938587179487,-0.9904939866666667,-0.9861184462820513,-0.9859879148717948,-0.9789886053846154,-0.9880877907692308,-0.9828431039743589,-0.979428019102564,-0.9781685638461538,-0.9747754992307692,-0.9901084657692307,-0.9900609284615385,-0.980589148974359,-0.9732266502564103,-0.9936930214102564,-0.9939079935897436
27,LAYING,Train,298,0.2777989193288591,-0.01693865903343926,-0.11227336837013423,-0.5747833215503355,-0.5410128921328858,-0.6081587653355705,0.5851395911073826,0.023479306130872454,0.1206131023751678,-0.9716798452348994,-0.9698911469798658,-0.9565688245973154,0.07685918633825503,0.005183985158855707,-0.005547958966778527,-0.624308492209396,-0.593582093143792,-0.7295573096308724,-0.06833321715466444,-0.0496441313538255,0.1162622522637584,-0.7456690271442953,-0.7544396103691275,-0.5946316790973154,-0.08738623224428524,-0.046475105984865775,-0.060079321399999996,-0.7761554967114094,-0.7964681561744966,-0.727982409261745,-0.5357268830506711,-0.6004458661543625,-0.5357268830506711,-0.6004458661543625,-0.6262873654614094,-0.6188872501020135,-0.6226465777755034,-0.6974982653080537,-0.7782750501677852,-0.7962447475372483,-0.6006415321194631,-0.5538743594681208,-0.6465482476442953,-0.5667812953389261,-0.5651766442483221,-0.6201417908120805,-0.6419917809916107,-0.6184367108587249,-0.7110043432785235,-0.6396238336409396,-0.594512488954698,-0.7467367467449665,-0.7115466732751677,-0.7455574134124161,-0.6304945292315436,-0.7587033375570469,-0.7632348093624161,-0.6232617414731544,-0.5857876318926174,-0.6720924177003355,-0.6096473459828858,-0.633580675552349,-0.7350087375167785,-0.7266612038959731,-0.7967257727013423,-0.8101373981308725
28,LAYING,Train,382,0.2775325547643979,-0.019172144206308903,-0.10971087310418848,-0.6490403913078533,-0.5736518959335077,-0.685821415026178,0.62376789513089,-0.1475777552146597,-0.04699310210497384,-0.9738733280628272,-0.9603656262565445,-0.9462256372513089,0.0807263062382199,0.013822443654607329,8.242083248010459e-4,-0.6808137253921466,-0.6516198489450262,-0.8008705818848167,-0.06449635455646596,-0.04714740231010211,0.10084028132958116,-0.7402765918732984,-0.7412855401963351,-0.6697896628897906,-0.08812135511727749,-0.04479725958620419,-0.06076807074081152,-0.7205156762931937,-0.8250387832460733,-0.7697559811256545,-0.610030902501309,-0.6358212265159686,-0.610030902501309,-0.6358212265159686,-0.6894293877591623,-0.6877034336274869,-0.6485386414303664,-0.710956808836911,-0.7892949432617801,-0.8057383830104712,-0.6541565191937173,-0.5849325001138743,-0.7151344744319371,-0.6478071929842932,-0.5951104726159163,-0.6957672795287958,-0.6867237990594242,-0.6707180959269633,-0.7790617203586387,-0.7040733824109948,-0.6548559152714659,-0.8217154944240838,-0.6743566560209424,-0.7470679079319372,-0.6735138868908377,-0.7620309780104711,-0.7408194534293193,-0.7002912828811518,-0.6287632474052356,-0.6969939996678011,-0.6754287204678011,-0.7064158293429319,-0.73790809206911,-0.7437846126937172,-0.8068821517539267,-0.8184485083769634
29,LAYING,Train,344,0.27911152194476746,-0.018471953048313953,-0.10867561226947675,-0.5742953953648255,-0.598400275636657,-0.6064612839264536,0.6830676256104651,0.11548975791162791,0.20821537004372093,-0.9732828858430232,-0.9646431610174419,-0.9416217902325581,0.07883823247133721,0.009001612488837206,-0.0035529054246773253,-0.6234564142163662,-0.635499779848779,-0.7937467977906976,-0.010183191086933139,-0.08828832964418605,0.0881626266546221,-0.7346992736915697,-0.6345691734215115,-0.7138645839825581,-0.10070775180985465,-0.04643220295276163,-0.05278599903168604,-0.7361176641395349,-0.8536396131395348,-0.7702213143023255,-0.553585593347965,-0.5790672160880814,-0.553585593347965,-0.5790672160880814,-0.6645380604848838,-0.6204720498627907,-0.6022289937003489,-0.6537323015921512,-0.8022939063662791,-0.8401563641860466,-0.5799010001861337,-0.5876863081462209,-0.6805476754651163,-0.5727879490375001,-0.6309788448518313,-0.602550925183721,-0.6298758531520348,-0.6412890757863373,-0.7684339283139535,-0.6515641889648255,-0.6555261166555232,-0.8182927808139535,-0.6857474134866279,-0.7359723016569768,-0.6892213577180233,-0.7525678317078488,-0.5888579874851745,-0.7491631722965116,-0.5892940147343023,-0.6393141760549419,-0.6098799374690989,-0.6364344705473837,-0.7220184349843024,-0.6714543243684012,-0.8404641641569768,-0.8514624265697674
30,LAYING,Train,383,0.2763058367219321,-0.01758560773402089,-0.10589355727859008,-0.615890785389034,-0.5190473878754568,-0.5226432737721148,0.6968582006788512,0.051269818897498654,0.18434317834803657,-0.9743191185639687,-0.9522882927676241,-0.9294326346475196,0.07347992701488251,0.007304382579712795,-6.538718903733703e-4,-0.6790072541501305,-0.6607705539046996,-0.7816444850130548,-0.035422928032663184,-0.07174824524020887,0.08345445866939948,-0.6710058461227154,-0.5389906639422977,-0.5897834421853787,-0.09267690052741515,-0.04129037796694517,-0.04935561778751958,-0.7806364295561358,-0.7989480730548303,-0.7632285469190601,-0.5381311941830025,-0.5881581116336815,-0.5381311941830025,-0.5881581116336815,-0.6970501269989556,-0.6589721480934727,-0.5100327540981985,-0.5737794286710184,-0.7858709313315927,-0.8103985146736292,-0.6356501253221932,-0.5584900100190601,-0.6349585469007832,-0.6092389115084075,-0.5313214918409922,-0.5065703612739948,-0.6853077711574413,-0.6716736705242821,-0.7554322127937336,-0.7018792085718016,-0.6726220229242821,-0.8071849409399477,-0.6674182366926893,-0.6299106659598172,-0.6156993478302873,-0.6768019956806005,-0.4963104214496083,-0.6202533904151435,-0.6003720670462142,-0.6465228109207573,-0.656339723754047,-0.6646002624438114,-0.6696005105630026,-0.5891926500898171,-0.8112923324281984,-0.8228056187467363
